-- MySQL dump 10.13  Distrib 8.0.17, for Linux (x86_64)
--
-- Host: localhost    Database: db_is
-- ------------------------------------------------------
-- Server version	8.0.17

/*!40101 SET @OLD_CHARACTER_SET_CLIENT=@@CHARACTER_SET_CLIENT */;
/*!40101 SET @OLD_CHARACTER_SET_RESULTS=@@CHARACTER_SET_RESULTS */;
/*!40101 SET @OLD_COLLATION_CONNECTION=@@COLLATION_CONNECTION */;
/*!50503 SET NAMES utf8mb4 */;
/*!40103 SET @OLD_TIME_ZONE=@@TIME_ZONE */;
/*!40103 SET TIME_ZONE='+00:00' */;
/*!40014 SET @OLD_UNIQUE_CHECKS=@@UNIQUE_CHECKS, UNIQUE_CHECKS=0 */;
/*!40014 SET @OLD_FOREIGN_KEY_CHECKS=@@FOREIGN_KEY_CHECKS, FOREIGN_KEY_CHECKS=0 */;
/*!40101 SET @OLD_SQL_MODE=@@SQL_MODE, SQL_MODE='NO_AUTO_VALUE_ON_ZERO' */;
/*!40111 SET @OLD_SQL_NOTES=@@SQL_NOTES, SQL_NOTES=0 */;

--
-- Table structure for table `areas_de_preguntas`
--

DROP TABLE IF EXISTS `areas_de_preguntas`;
/*!40101 SET @saved_cs_client     = @@character_set_client */;
/*!50503 SET character_set_client = utf8mb4 */;
CREATE TABLE `areas_de_preguntas` (
  `id_area` int(6) NOT NULL AUTO_INCREMENT,
  `nombre` varchar(45) NOT NULL,
  `descripcion` varchar(300) NOT NULL,
  `fecha_creacion` date DEFAULT NULL,
  PRIMARY KEY (`id_area`),
  UNIQUE KEY `id_area_UNIQUE` (`id_area`),
  UNIQUE KEY `nombre_UNIQUE` (`nombre`)
) ENGINE=InnoDB AUTO_INCREMENT=2 DEFAULT CHARSET=utf8mb4 COLLATE=utf8mb4_0900_ai_ci;
/*!40101 SET character_set_client = @saved_cs_client */;

--
-- Dumping data for table `areas_de_preguntas`
--

LOCK TABLES `areas_de_preguntas` WRITE;
/*!40000 ALTER TABLE `areas_de_preguntas` DISABLE KEYS */;
INSERT INTO `areas_de_preguntas` VALUES (1,'Fatiga','Lorem ipsum dolor sit amet',NULL);
/*!40000 ALTER TABLE `areas_de_preguntas` ENABLE KEYS */;
UNLOCK TABLES;

--
-- Table structure for table `log_usuarios`
--

DROP TABLE IF EXISTS `log_usuarios`;
/*!40101 SET @saved_cs_client     = @@character_set_client */;
/*!50503 SET character_set_client = utf8mb4 */;
CREATE TABLE `log_usuarios` (
  `id_log_usuario` int(11) NOT NULL AUTO_INCREMENT,
  `id_personal` int(3) NOT NULL,
  `id_respuesta` int(6) NOT NULL,
  `id_area` int(6) DEFAULT NULL,
  `id_pregunta` int(6) DEFAULT NULL,
  `id_turno` int(3) DEFAULT NULL,
  `es_pregunta_filtro` tinyint(4) DEFAULT '0',
  `fecha_creacion` date DEFAULT NULL,
  PRIMARY KEY (`id_log_usuario`),
  UNIQUE KEY `id_log_usuario_UNIQUE` (`id_log_usuario`),
  KEY `fk_log_usuarios_personal1_idx` (`id_personal`),
  KEY `fk_log_usuarios_respuestas1_idx` (`id_respuesta`),
  KEY `fk_log_usuarios_preguntas1_idx` (`id_pregunta`),
  KEY `fk_log_usuarios_areas_de_preguntas1_idx` (`id_area`),
  KEY `fk_log_usuarios_turnos1_idx` (`id_turno`),
  CONSTRAINT `fk_log_usuarios_areas_de_preguntas1` FOREIGN KEY (`id_area`) REFERENCES `areas_de_preguntas` (`id_area`),
  CONSTRAINT `fk_log_usuarios_personal1` FOREIGN KEY (`id_personal`) REFERENCES `personal` (`id_personal`),
  CONSTRAINT `fk_log_usuarios_preguntas1` FOREIGN KEY (`id_pregunta`) REFERENCES `preguntas` (`id_pregunta`),
  CONSTRAINT `fk_log_usuarios_respuestas1` FOREIGN KEY (`id_respuesta`) REFERENCES `respuestas` (`id_respuesta`),
  CONSTRAINT `fk_log_usuarios_turnos1` FOREIGN KEY (`id_turno`) REFERENCES `turnos` (`id_turno`)
) ENGINE=InnoDB DEFAULT CHARSET=utf8mb4 COLLATE=utf8mb4_0900_ai_ci;
/*!40101 SET character_set_client = @saved_cs_client */;

--
-- Dumping data for table `log_usuarios`
--

LOCK TABLES `log_usuarios` WRITE;
/*!40000 ALTER TABLE `log_usuarios` DISABLE KEYS */;
/*!40000 ALTER TABLE `log_usuarios` ENABLE KEYS */;
UNLOCK TABLES;

--
-- Table structure for table `personal`
--

DROP TABLE IF EXISTS `personal`;
/*!40101 SET @saved_cs_client     = @@character_set_client */;
/*!50503 SET character_set_client = utf8mb4 */;
CREATE TABLE `personal` (
  `id_personal` int(3) NOT NULL AUTO_INCREMENT,
  `nombres` varchar(50) CHARACTER SET latin1 COLLATE latin1_spanish_ci NOT NULL,
  `apellidos` varchar(50) CHARACTER SET latin1 COLLATE latin1_spanish_ci NOT NULL,
  `fecha_nacimiento` date NOT NULL,
  `fecha_ingreso` date NOT NULL,
  `sexo` enum('M','F') CHARACTER SET latin1 COLLATE latin1_spanish_ci NOT NULL,
  `no_empleado` varchar(10) CHARACTER SET latin1 COLLATE latin1_spanish_ci NOT NULL,
  `activo` tinyint(1) NOT NULL DEFAULT '1',
  PRIMARY KEY (`id_personal`)
) ENGINE=InnoDB AUTO_INCREMENT=11 DEFAULT CHARSET=latin1 COLLATE=latin1_spanish_ci;
/*!40101 SET character_set_client = @saved_cs_client */;

--
-- Dumping data for table `personal`
--

LOCK TABLES `personal` WRITE;
/*!40000 ALTER TABLE `personal` DISABLE KEYS */;
INSERT INTO `personal` VALUES (1,'consequatur repellendus','qui amet','1992-12-02','1984-11-30','F','111',1),(2,'qui similique','minus quod','1987-06-30','2016-03-22','F','222',1),(3,'nam pariatur','eum est','1991-06-08','2017-10-23','M','866',1),(4,'voluptatum veritatis','accusantium aliquid','1997-01-01','1985-05-04','M','902',1),(5,'nobis nihil','maiores omnis','1971-07-06','1973-12-05','M','67',1),(6,'sequi rem','modi omnis','2013-11-18','2012-07-07','F','331',1),(7,'voluptates minus','maiores quia','1988-04-07','2007-03-30','F','435',1),(8,'et qui','eos voluptatem','1970-08-21','1972-02-16','F','14',1),(9,'molestias est','ex atque','1973-07-28','1971-08-21','F','409',1),(10,'nisi nesciunt','non accusamus','1980-07-19','2001-12-25','F','681',1);
/*!40000 ALTER TABLE `personal` ENABLE KEYS */;
UNLOCK TABLES;

--
-- Table structure for table `posicion`
--

DROP TABLE IF EXISTS `posicion`;
/*!40101 SET @saved_cs_client     = @@character_set_client */;
/*!50503 SET character_set_client = utf8mb4 */;
CREATE TABLE `posicion` (
  `id_posicion` int(3) NOT NULL AUTO_INCREMENT,
  `posicion` varchar(50) CHARACTER SET latin1 COLLATE latin1_spanish_ci NOT NULL,
  PRIMARY KEY (`id_posicion`),
  UNIQUE KEY `id_posicion_UNIQUE` (`id_posicion`)
) ENGINE=InnoDB AUTO_INCREMENT=4 DEFAULT CHARSET=latin1 COLLATE=latin1_spanish_ci;
/*!40101 SET character_set_client = @saved_cs_client */;

--
-- Dumping data for table `posicion`
--

LOCK TABLES `posicion` WRITE;
/*!40000 ALTER TABLE `posicion` DISABLE KEYS */;
INSERT INTO `posicion` VALUES (1,'Administrador'),(2,'Controlador'),(3,'Supervisor');
/*!40000 ALTER TABLE `posicion` ENABLE KEYS */;
UNLOCK TABLES;

--
-- Table structure for table `pregunta_filtro`
--

DROP TABLE IF EXISTS `pregunta_filtro`;
/*!40101 SET @saved_cs_client     = @@character_set_client */;
/*!50503 SET character_set_client = utf8mb4 */;
CREATE TABLE `pregunta_filtro` (
  `pregunta` varchar(100) NOT NULL,
  `fecha_creacion` date NOT NULL,
  `fecha_modificacion` date NOT NULL,
  UNIQUE KEY `pregunta_UNIQUE` (`pregunta`)
) ENGINE=InnoDB DEFAULT CHARSET=utf8mb4 COLLATE=utf8mb4_0900_ai_ci;
/*!40101 SET character_set_client = @saved_cs_client */;

--
-- Dumping data for table `pregunta_filtro`
--

LOCK TABLES `pregunta_filtro` WRITE;
/*!40000 ALTER TABLE `pregunta_filtro` DISABLE KEYS */;
INSERT INTO `pregunta_filtro` VALUES ('¿Estoy en forma para realizar el turno?','2019-08-30','2019-08-30');
/*!40000 ALTER TABLE `pregunta_filtro` ENABLE KEYS */;
UNLOCK TABLES;

--
-- Table structure for table `preguntas`
--

DROP TABLE IF EXISTS `preguntas`;
/*!40101 SET @saved_cs_client     = @@character_set_client */;
/*!50503 SET character_set_client = utf8mb4 */;
CREATE TABLE `preguntas` (
  `id_pregunta` int(6) NOT NULL AUTO_INCREMENT,
  `id_area` int(6) NOT NULL,
  `id_tipo` int(11) NOT NULL,
  `contenido` varchar(100) NOT NULL,
  `fecha_creacion` date DEFAULT NULL,
  PRIMARY KEY (`id_pregunta`,`id_area`,`id_tipo`),
  UNIQUE KEY `id_pregunta_UNIQUE` (`id_pregunta`),
  KEY `fk_preguntas_areas_de_preguntas1_idx` (`id_area`),
  KEY `fk_preguntas_tipos_de_respuesta1_idx` (`id_tipo`),
  CONSTRAINT `fk_preguntas_areas_de_preguntas1` FOREIGN KEY (`id_area`) REFERENCES `areas_de_preguntas` (`id_area`),
  CONSTRAINT `fk_preguntas_tipos_de_respuesta1` FOREIGN KEY (`id_tipo`) REFERENCES `tipos_de_respuesta` (`id_tipo`)
) ENGINE=InnoDB AUTO_INCREMENT=3 DEFAULT CHARSET=utf8mb4 COLLATE=utf8mb4_0900_ai_ci;
/*!40101 SET character_set_client = @saved_cs_client */;

--
-- Dumping data for table `preguntas`
--

LOCK TABLES `preguntas` WRITE;
/*!40000 ALTER TABLE `preguntas` DISABLE KEYS */;
INSERT INTO `preguntas` VALUES (1,1,1,'¿Existes?',NULL),(2,1,3,'¿Cómo está el calor?',NULL);
/*!40000 ALTER TABLE `preguntas` ENABLE KEYS */;
UNLOCK TABLES;

--
-- Table structure for table `respuestas`
--

DROP TABLE IF EXISTS `respuestas`;
/*!40101 SET @saved_cs_client     = @@character_set_client */;
/*!50503 SET character_set_client = utf8mb4 */;
CREATE TABLE `respuestas` (
  `id_respuesta` int(6) NOT NULL AUTO_INCREMENT,
  `contenido` varchar(100) NOT NULL,
  `fecha_creacion` date DEFAULT NULL,
  `id_tipo` int(11) NOT NULL,
  PRIMARY KEY (`id_respuesta`,`id_tipo`),
  UNIQUE KEY `id_pregunta_UNIQUE` (`id_respuesta`),
  KEY `fk_respuestas_tipos_de_respuesta1_idx` (`id_tipo`),
  CONSTRAINT `fk_respuestas_tipos_de_respuesta1` FOREIGN KEY (`id_tipo`) REFERENCES `tipos_de_respuesta` (`id_tipo`)
) ENGINE=InnoDB AUTO_INCREMENT=11 DEFAULT CHARSET=utf8mb4 COLLATE=utf8mb4_0900_ai_ci;
/*!40101 SET character_set_client = @saved_cs_client */;

--
-- Dumping data for table `respuestas`
--

LOCK TABLES `respuestas` WRITE;
/*!40000 ALTER TABLE `respuestas` DISABLE KEYS */;
INSERT INTO `respuestas` VALUES (1,'si',NULL,1),(2,'no',NULL,1),(3,'1',NULL,2),(4,'2',NULL,2),(5,'3',NULL,2),(6,'4',NULL,2),(7,'5',NULL,2),(8,'bajo',NULL,3),(9,'medio',NULL,3),(10,'alto',NULL,3);
/*!40000 ALTER TABLE `respuestas` ENABLE KEYS */;
UNLOCK TABLES;

--
-- Table structure for table `seglog`
--

DROP TABLE IF EXISTS `seglog`;
/*!40101 SET @saved_cs_client     = @@character_set_client */;
/*!50503 SET character_set_client = utf8mb4 */;
CREATE TABLE `seglog` (
  `SegLogKey` int(11) NOT NULL AUTO_INCREMENT,
  `SegLogFecha` date DEFAULT NULL,
  `SegLogHora` time DEFAULT NULL,
  `SegUsrKey` int(11) DEFAULT NULL,
  `SegUsrUsuario` varchar(20) DEFAULT NULL,
  `SegLogDetalle` mediumtext,
  `SegLogLlave` int(11) DEFAULT NULL,
  `SegLogTabla` varchar(60) DEFAULT NULL,
  `SegLogAccion` mediumtext,
  `SegLogComando` mediumtext,
  `SegLogIp` varchar(20) DEFAULT NULL,
  PRIMARY KEY (`SegLogKey`)
) ENGINE=InnoDB DEFAULT CHARSET=utf8mb4 COLLATE=utf8mb4_0900_ai_ci;
/*!40101 SET character_set_client = @saved_cs_client */;

--
-- Dumping data for table `seglog`
--

LOCK TABLES `seglog` WRITE;
/*!40000 ALTER TABLE `seglog` DISABLE KEYS */;
/*!40000 ALTER TABLE `seglog` ENABLE KEYS */;
UNLOCK TABLES;

--
-- Table structure for table `tipos_de_respuesta`
--

DROP TABLE IF EXISTS `tipos_de_respuesta`;
/*!40101 SET @saved_cs_client     = @@character_set_client */;
/*!50503 SET character_set_client = utf8mb4 */;
CREATE TABLE `tipos_de_respuesta` (
  `id_tipo` int(11) NOT NULL AUTO_INCREMENT,
  `tipo` varchar(80) NOT NULL,
  `fecha_creacion` date DEFAULT NULL,
  PRIMARY KEY (`id_tipo`)
) ENGINE=InnoDB AUTO_INCREMENT=4 DEFAULT CHARSET=utf8mb4 COLLATE=utf8mb4_0900_ai_ci;
/*!40101 SET character_set_client = @saved_cs_client */;

--
-- Dumping data for table `tipos_de_respuesta`
--

LOCK TABLES `tipos_de_respuesta` WRITE;
/*!40000 ALTER TABLE `tipos_de_respuesta` DISABLE KEYS */;
INSERT INTO `tipos_de_respuesta` VALUES (1,'Cerrada',NULL),(2,'Escala numerica 1-5',NULL),(3,'Escala ordinal',NULL);
/*!40000 ALTER TABLE `tipos_de_respuesta` ENABLE KEYS */;
UNLOCK TABLES;

--
-- Table structure for table `turnos`
--

DROP TABLE IF EXISTS `turnos`;
/*!40101 SET @saved_cs_client     = @@character_set_client */;
/*!50503 SET character_set_client = utf8mb4 */;
CREATE TABLE `turnos` (
  `id_turno` int(3) NOT NULL AUTO_INCREMENT,
  `turno` varchar(25) CHARACTER SET latin1 COLLATE latin1_spanish_ci NOT NULL,
  `hora_inicio` time NOT NULL,
  `hora_fin` time NOT NULL,
  `activo` tinyint(1) NOT NULL DEFAULT '1',
  PRIMARY KEY (`id_turno`)
) ENGINE=InnoDB AUTO_INCREMENT=4 DEFAULT CHARSET=latin1 COLLATE=latin1_spanish_ci;
/*!40101 SET character_set_client = @saved_cs_client */;

--
-- Dumping data for table `turnos`
--

LOCK TABLES `turnos` WRITE;
/*!40000 ALTER TABLE `turnos` DISABLE KEYS */;
INSERT INTO `turnos` VALUES (1,'omnis','10:46:32','08:42:53',1),(2,'sed','23:29:03','05:01:11',1),(3,'et','11:54:16','00:04:58',1);
/*!40000 ALTER TABLE `turnos` ENABLE KEYS */;
UNLOCK TABLES;

--
-- Table structure for table `user`
--

DROP TABLE IF EXISTS `user`;
/*!40101 SET @saved_cs_client     = @@character_set_client */;
/*!50503 SET character_set_client = utf8mb4 */;
CREATE TABLE `user` (
  `id` int(11) NOT NULL AUTO_INCREMENT,
  `username` varchar(255) CHARACTER SET utf8 COLLATE utf8_unicode_ci NOT NULL,
  `auth_key` varchar(32) CHARACTER SET utf8 COLLATE utf8_unicode_ci NOT NULL,
  `password_hash` varchar(255) CHARACTER SET utf8 COLLATE utf8_unicode_ci NOT NULL,
  `password_reset_token` varchar(255) CHARACTER SET utf8 COLLATE utf8_unicode_ci DEFAULT NULL,
  `email` varchar(255) CHARACTER SET utf8 COLLATE utf8_unicode_ci NOT NULL,
  `status` smallint(6) NOT NULL DEFAULT '10',
  `created_at` int(11) NOT NULL,
  `updated_at` int(11) NOT NULL,
  `verification_token` varchar(255) CHARACTER SET utf8 COLLATE utf8_general_ci DEFAULT NULL,
  PRIMARY KEY (`id`),
  UNIQUE KEY `id_UNIQUE` (`id`)
) ENGINE=InnoDB DEFAULT CHARSET=utf8 COLLATE=utf8_unicode_ci;
/*!40101 SET character_set_client = @saved_cs_client */;

--
-- Dumping data for table `user`
--

LOCK TABLES `user` WRITE;
/*!40000 ALTER TABLE `user` DISABLE KEYS */;
/*!40000 ALTER TABLE `user` ENABLE KEYS */;
UNLOCK TABLES;

--
-- Table structure for table `usuarios`
--

DROP TABLE IF EXISTS `usuarios`;
/*!40101 SET @saved_cs_client     = @@character_set_client */;
/*!50503 SET character_set_client = utf8mb4 */;
CREATE TABLE `usuarios` (
  `id_personal` int(3) NOT NULL,
  `id_turno` int(3) NOT NULL,
  `id_posicion` int(3) NOT NULL,
  `email` varchar(45) NOT NULL,
  `contrasena` varchar(200) NOT NULL DEFAULT '0000',
  `fecha_creacion` date DEFAULT NULL,
  PRIMARY KEY (`id_personal`,`id_turno`,`id_posicion`),
  UNIQUE KEY `email_UNIQUE` (`email`),
  UNIQUE KEY `id_personal_UNIQUE` (`id_personal`),
  KEY `fk_datos_adiciones_turnos1_idx` (`id_turno`),
  KEY `fk_datos_adiciones_posicion1_idx` (`id_posicion`),
  CONSTRAINT `fk_datos_adiciones_personal1` FOREIGN KEY (`id_personal`) REFERENCES `personal` (`id_personal`),
  CONSTRAINT `fk_datos_adiciones_posicion1` FOREIGN KEY (`id_posicion`) REFERENCES `posicion` (`id_posicion`),
  CONSTRAINT `fk_datos_adiciones_turnos1` FOREIGN KEY (`id_turno`) REFERENCES `turnos` (`id_turno`)
) ENGINE=InnoDB DEFAULT CHARSET=utf8mb4 COLLATE=utf8mb4_0900_ai_ci;
/*!40101 SET character_set_client = @saved_cs_client */;

--
-- Dumping data for table `usuarios`
--

LOCK TABLES `usuarios` WRITE;
/*!40000 ALTER TABLE `usuarios` DISABLE KEYS */;
INSERT INTO `usuarios` VALUES (1,1,1,'primer@administrador.p','eyJpdiI6IlhSSmNCcGxqQk1mbUh5a1wvdEVZVmtRPT0iLCJ2YWx1ZSI6IjEyNHdhdndzUXRueUw1d2QrelNxS2c9PSIsIm1hYyI6ImYzYWE5YTk5NTYyZDk1NTBjMzMxZDUzZjFjNWFmNDkyOTc0ZTExNTIxZjk0ZGFkNGQ4ZDYwOTBmOGE2OTZlOTAifQ==',NULL),(2,1,2,'primer@controlador.p','eyJpdiI6IjBWRGZFNmc5TjMxQ3cxOVk4OW5SQlE9PSIsInZhbHVlIjoidlVcL1JUSmtBVE9aUGgrUWRiZFB4OUE9PSIsIm1hYyI6IjU5NGYzODJmZTUxZTliMGVjNGIyNDJkOWE4ZWEyYWFjMGQ5NDMyNWFjYTc1NmFlMzlhY2ZhZGYyYWFlZjNjZmMifQ==',NULL),(3,2,3,'mccullough.kallie@gmail.com','eyJpdiI6IjBiVHV2SFdvMVVMOHFyd3MzcjdJRkE9PSIsInZhbHVlIjoiZmkydzlEU1FicGRkK0V2RVhcL3JhZ0E9PSIsIm1hYyI6IjIyYzg3YzE3MGMzMTIyZDk3NjczOWVmMjc3MDliZDc1MWY2YWYyMzJhMTAxMTI3OGJjYzA3NGE1ZTU2NWIwMTgifQ==',NULL),(4,3,3,'keichmann@predovic.com','eyJpdiI6IjJST2xLQ0lkRDc0VDFaaEZwXC9aaHVBPT0iLCJ2YWx1ZSI6IkFWT3FNbVZXeGxcL2ZUOHN3cEppVGx3PT0iLCJtYWMiOiI5MDE5ZTBlYjE5Mjc3YmFmNjJkM2FkNWVmMTM0MTcwMmEzZGI2YjRjMjE1MDdmM2UxNDVhOTIxZDYzMjRmZmQxIn0=',NULL),(5,3,3,'wjacobs@hotmail.com','eyJpdiI6IjdNc0ZROEQ0dHdNWXp3NEhPVXVaRHc9PSIsInZhbHVlIjoiSDNVUm9vZ1BwNWJRWTk4RXBMQ1Aydz09IiwibWFjIjoiMjAxMTQ2ODI2OGZhYWI4YTczYWRiYjQxNDEyMGEyNDFlZGQ1NzNiOGIwYzQ1NzYxMDAxNjM4Y2U2NGMwM2RkMiJ9',NULL),(6,1,1,'qupton@rath.com','eyJpdiI6IlFabnNxanY1bzBOTkJMOVFZR3Fra2c9PSIsInZhbHVlIjoickpSNWU3RDgyYmJ6ZGNDdlJDOEZDZz09IiwibWFjIjoiZDc2YWU5ZDhlMjg5NzFiNTcxNWU1NzNkMjUwNmM1NjI4NjQ4YjEzMjU2MTBjNThiODYwMTBmZDJhNjQyNjA3OCJ9',NULL),(7,3,1,'denis.simonis@ruecker.com','eyJpdiI6IjJkaHB1VWNzOXcxSStaV0JJazFZWEE9PSIsInZhbHVlIjoiaG4wUmQrZXpwNUhNWXVNVVFyQUN4QT09IiwibWFjIjoiMWMzOGZmZjg2MGU5NTFjMzhjNTRiNDczMmY2MGUwNTAyYjY1MTI0MjdlMWNjY2JiZWI5NmUwNGY0NDRlZmM2NyJ9',NULL),(8,1,2,'qtowne@simonis.com','eyJpdiI6Ild4bUJsZzF4eFlKTXJIdjJaeHM5ZWc9PSIsInZhbHVlIjoieVlBcHNMK2JFXC9mVVNqU2VNWlJtZkE9PSIsIm1hYyI6ImNlMWQxZWJhNjExNTlhNjhmZjExYzAyM2UxN2YyNzBmZWEwMGZjMzE4ZDlmZTVmYWNjNTY1YTBmYzJkOWI3ZGQifQ==',NULL),(9,3,3,'rod99@gulgowski.org','eyJpdiI6IkNtdkFadjJ3bHk2UFU5bjBYTXNQWmc9PSIsInZhbHVlIjoiamQwQVE4QlJuZDZFWUtLSHF2MzQ1QT09IiwibWFjIjoiZmE3Zjg0NTUyZWE5ZjdjYWRkMTZiMTZlZGNlMjRhNmFhMzNmNWFhOWIxOTVmMzg3MDM2ZTU2OTUwZTY5N2NhZCJ9',NULL),(10,3,3,'hansen.beulah@gmail.com','eyJpdiI6IjNxT2tHb0wxYUxiQzlVMVpTeFBNZEE9PSIsInZhbHVlIjoiQXgrUEdWR1wvd1A4ckhXcTFycWdRdkE9PSIsIm1hYyI6IjEwNTY5MDIxOGYzOTBmMDQxYjI2ZjY5ZDc0Njg3NGVhMmY4ZjhkODA2ZTZlYmEzMDU2MjZlNTgwYzg3ZGY3MTgifQ==',NULL);
/*!40000 ALTER TABLE `usuarios` ENABLE KEYS */;
UNLOCK TABLES;
/*!40103 SET TIME_ZONE=@OLD_TIME_ZONE */;

/*!40101 SET SQL_MODE=@OLD_SQL_MODE */;
/*!40014 SET FOREIGN_KEY_CHECKS=@OLD_FOREIGN_KEY_CHECKS */;
/*!40014 SET UNIQUE_CHECKS=@OLD_UNIQUE_CHECKS */;
/*!40101 SET CHARACTER_SET_CLIENT=@OLD_CHARACTER_SET_CLIENT */;
/*!40101 SET CHARACTER_SET_RESULTS=@OLD_CHARACTER_SET_RESULTS */;
/*!40101 SET COLLATION_CONNECTION=@OLD_COLLATION_CONNECTION */;
/*!40111 SET SQL_NOTES=@OLD_SQL_NOTES */;

-- Dump completed on 2019-08-30 16:42:18
